# build-relational-database-of-video-game-characters
Learn Relational Databases by Building a Database of Video Game Characters



camper: /project$ echo hello PostgreSQL
hello PostgreSQL
camper: /project$ ls
camper: /project$ psql --username=freecodecamp --dbname=postgres
Border style is 2.
Title is " ".
Pager usage is off.
psql (12.17 (Ubuntu 12.17-1.pgdg22.04+1))
SSL connection (protocol: TLSv1.3, cipher: TLS_AES_256_GCM_SHA384, bits: 256, compression: off)
Type "help" for help.

postgres=> \l
                               List of databases
+-----------+----------+----------+---------+---------+-----------------------+
|   Name    |  Owner   | Encoding | Collate |  Ctype  |   Access privileges   |
+-----------+----------+----------+---------+---------+-----------------------+
| postgres  | postgres | UTF8     | C.UTF-8 | C.UTF-8 |                       |
| template0 | postgres | UTF8     | C.UTF-8 | C.UTF-8 | =c/postgres          +|
|           |          |          |         |         | postgres=CTc/postgres |
| template1 | postgres | UTF8     | C.UTF-8 | C.UTF-8 | =c/postgres          +|
|           |          |          |         |         | postgres=CTc/postgres |
+-----------+----------+----------+---------+---------+-----------------------+
(3 rows)

postgres=> CREATE DATABASE first_database;
CREATE DATABASE
postgres=> \l
                                   List of databases
+----------------+--------------+----------+---------+---------+-----------------------+
|      Name      |    Owner     | Encoding | Collate |  Ctype  |   Access privileges   |
+----------------+--------------+----------+---------+---------+-----------------------+
| first_database | freecodecamp | UTF8     | C.UTF-8 | C.UTF-8 |                       |
| postgres       | postgres     | UTF8     | C.UTF-8 | C.UTF-8 |                       |
| template0      | postgres     | UTF8     | C.UTF-8 | C.UTF-8 | =c/postgres          +|
|                |              |          |         |         | postgres=CTc/postgres |
| template1      | postgres     | UTF8     | C.UTF-8 | C.UTF-8 | =c/postgres          +|
|                |              |          |         |         | postgres=CTc/postgres |
+----------------+--------------+----------+---------+---------+-----------------------+
(4 rows)

postgres=> CREATE DATABASE second_database;
CREATE DATABASE
postgres=> ls
postgres-> \l
postgres->                                     List of databases
+-----------------+--------------+----------+---------+---------+-----------------------+
|      Name       |    Owner     | Encoding | Collate |  Ctype  |   Access privileges   |
+-----------------+--------------+----------+---------+---------+-----------------------+
| first_database  | freecodecamp | UTF8     | C.UTF-8 | C.UTF-8 |                       |
| postgres        | postgres     | UTF8     | C.UTF-8 | C.UTF-8 |                       |
| second_database | freecodecamp | UTF8     | C.UTF-8 | C.UTF-8 |                       |
| template0       | postgres     | UTF8     | C.UTF-8 | C.UTF-8 | =c/postgres          +|
|                 |              |          |         |         | postgres=CTc/postgres |
| template1       | postgres     | UTF8     | C.UTF-8 | C.UTF-8 | =c/postgres          +|
|                 |              |          |         |         | postgres=CTc/postgres |
+-----------------+--------------+----------+---------+---------+-----------------------+
(5 rows)

\c second_database
SSL connection (protocol: TLSv1.3, cipher: TLS_AES_256_GCM_SHA384, bits: 256, compression: off)
You are now connected to database "second_database" as user "freecodecamp".
second_database-> \d
Did not find any relations.

second_database=> CREATE TABLE first_table();
CREATE TABLE
second_database=> \d
second_database=>                List of relations
+--------+-------------+-------+--------------+
| Schema |    Name     | Type  |    Owner     |
+--------+-------------+-------+--------------+
| public | first_table | table | freecodecamp |
+--------+-------------+-------+--------------+
(1 row)

second_database=> CREATE TABLE second_table();
CREATE TABLE
second_database=> \d
second_database=>                List of relations
+--------+--------------+-------+--------------+
| Schema |     Name     | Type  |    Owner     |
+--------+--------------+-------+--------------+
| public | first_table  | table | freecodecamp |
| public | second_table | table | freecodecamp |
+--------+--------------+-------+--------------+
(2 rows)

\d second_table;
           Table "public.second_table"
+--------+------+-----------+----------+---------+
| Column | Type | Collation | Nullable | Default |
+--------+------+-----------+----------+---------+
+--------+------+-----------+----------+---------+

second_database=> ALTER TABLE second_table ADD COLUMN first_column INT;
ALTER TABLE
second_database=> \d second_table;
                Table "public.second_table"
+--------------+---------+-----------+----------+---------+
|    Column    |  Type   | Collation | Nullable | Default |
+--------------+---------+-----------+----------+---------+
| first_column | integer |           |          |         |
+--------------+---------+-----------+----------+---------+

second_database=> ALTER TABLE second_table ADD COLUMN id INT;
ALTER TABLE
second_database=> \d second_table;
second_database=>                 Table "public.second_table"
+--------------+---------+-----------+----------+---------+
|    Column    |  Type   | Collation | Nullable | Default |
+--------------+---------+-----------+----------+---------+
| first_column | integer |           |          |         |
| id           | integer |           |          |         |
+--------------+---------+-----------+----------+---------+


second_database=> ALTER TABLE second_table ADD COLUMN age INT;
second_database=> ALTER TABLE
\d seconf         \d second_table;
                Table "public.second_table"
+--------------+---------+-----------+----------+---------+
|    Column    |  Type   | Collation | Nullable | Default |
+--------------+---------+-----------+----------+---------+
| first_column | integer |           |          |         |
| id           | integer |           |          |         |
| age          | integer |           |          |         |
+--------------+---------+-----------+----------+---------+

second_database=> ALTER TABLE second_table  DROP COLUMN age;
second_database=> ALTER TABLE
\d second_table;
second_database=>                 Table "public.second_table"
+--------------+---------+-----------+----------+---------+
|    Column    |  Type   | Collation | Nullable | Default |
+--------------+---------+-----------+----------+---------+
| first_column | integer |           |          |         |
| id           | integer |           |          |         |
+--------------+---------+-----------+----------+---------+

                  ALTER TABLE second_table DROP COLUMN first_column;
ALTER TABLE
second_database=> ALTER TABLE second_table ADD COLUMN name VARCHAR(30);
ALTER TABLE
second_database=> \d second_table;
                    Table "public.second_table"
+--------+-----------------------+-----------+----------+---------+
| Column |         Type          | Collation | Nullable | Default |
+--------+-----------------------+-----------+----------+---------+
| id     | integer               |           |          |         |
| name   | character varying(30) |           |          |         |
+--------+-----------------------+-----------+----------+---------+

second_database=> ALTER TABLE second_table RENAME COLUMN name TO username;
ALTER TABLE
second_database=> \d second_table;
second_database=>                      Table "public.second_table"
+----------+-----------------------+-----------+----------+---------+
|  Column  |         Type          | Collation | Nullable | Default |
+----------+-----------------------+-----------+----------+---------+
| id       | integer               |           |          |         |
| username | character varying(30) |           |          |         |
+----------+-----------------------+-----------+----------+---------+
                
second_database=> INSERT INTO second_table(id,username) VALUES (1, 'Samus');
INSERT 0 1
second_database=> SELECT * FROM second_table;
         
+----+----------+
| id | username |
+----+----------+
|  1 | Samus    |
+----+----------+
(1 row)

second_database=> INSERT INTO second_table(id,username) VALUES (2, 'Mario');
second_database=> INSERT 0 1

second_database=> SELECT * FROM second_table;
         
+----+----------+
| id | username |
+----+----------+
|  1 | Samus    |
|  2 | Mario    |
+----+----------+
(2 rows)

second_database=> INSERT INTO second_table(id,username) VALUES (3, 'Luigi');
INSERT 0 1
second_database=> SELECT * FROM second_table;
         
+----+----------+
| id | username |
+----+----------+
|  1 | Samus    |
|  2 | Mario    |
|  3 | Luigi    |
+----+----------+
(3 rows)

second_database=> DELETE FROM second_table WHERE username='Luigi';
second_database=> DELETE 1
second_database=> SELECT * FROM second_table;
second_database=>          
+----+----------+
| id | username |
+----+----------+
|  1 | Samus    |
|  2 | Mario    |
+----+----------+
(2 rows)

DELETE FROM second
second_database=> DELETE FROM second_table WHERE username='Mario';
second_database=> DELETE 1
                  DELETE FROM second_table WHERE username='Samus';
DELETE 1
second_database=> SELECT * FROM second_table;
         
+----+----------+
| id | username |
+----+----------+
+----+----------+
(0 rows)

second_database=> \d second_table;
second_database=>                      Table "public.second_table"
+----------+-----------------------+-----------+----------+---------+
|  Column  |         Type          | Collation | Nullable | Default |
+----------+-----------------------+-----------+----------+---------+
| id       | integer               |           |          |         |
| username | character varying(30) |           |          |         |
+----------+-----------------------+-----------+----------+---------+

second_database=> ALTER TABLE second_table DROP COLUMN username;
ALTER TABLE
second_database=> ALTER TABLE second_table DROP COLUMN id;
ALTER TABLE
second_database=> \d
               List of relations
+--------+--------------+-------+--------------+
| Schema |     Name     | Type  |    Owner     |
+--------+--------------+-------+--------------+
| public | first_table  | table | freecodecamp |
| public | second_table | table | freecodecamp |
+--------+--------------+-------+--------------+
(2 rows)

second_database=> DROP TABLE second_table;
DROP TABLE
second_database=> DROP TABLE first_table;
second_database=> DROP TABLE
                  \l
second_database=>                                     List of databases
+-----------------+--------------+----------+---------+---------+-----------------------+
|      Name       |    Owner     | Encoding | Collate |  Ctype  |   Access privileges   |
+-----------------+--------------+----------+---------+---------+-----------------------+
| postgres        | postgres     | UTF8     | C.UTF-8 | C.UTF-8 |                       |
| first_database  | postgres     | UTF8     | C.UTF-8 | C.UTF.8 |                       |
| second_database | freecodecamp | UTF8     | C.UTF-8 | C.UTF-8 |                       |
| template0       | postgres     | UTF8     | C.UTF-8 | C.UTF-8 | =c/postgres          +|
|                 |              |          |         |         | postgres=CTc/postgres |
| template1       | postgres     | UTF8     | C.UTF-8 | C.UTF-8 | =c/postgres          +|
|                 |              |          |         |         | postgres=CTc/postgres |
+-----------------+--------------+----------+---------+---------+-----------------------+
(5 rows)

second_database=> ALTER DATABASE first_database RENAME TO mario_database;
second_database=> ALTER DATABASE
\l
                                    List of databases
+-----------------+--------------+----------+---------+---------+-----------------------+
|      Name       |    Owner     | Encoding | Collate |  Ctype  |   Access privileges   |
+-----------------+--------------+----------+---------+---------+-----------------------+
| mario_database  | freecodecamp | UTF8     | C.UTF-8 | C.UTF-8 |                       |
| postgres        | postgres     | UTF8     | C.UTF-8 | C.UTF-8 |                       |
| second_database | freecodecamp | UTF8     | C.UTF-8 | C.UTF-8 |                       |
| template0       | postgres     | UTF8     | C.UTF-8 | C.UTF-8 | =c/postgres          +|
|                 |              |          |         |         | postgres=CTc/postgres |
| template1       | postgres     | UTF8     | C.UTF-8 | C.UTF-8 | =c/postgres          +|
|                 |              |          |         |         | postgres=CTc/postgres |
+-----------------+--------------+----------+---------+---------+-----------------------+
(5 rows)

second_database=> \c mario_database;
SSL connection (protocol: TLSv1.3, cipher: TLS_AES_256_GCM_SHA384, bits: 256, compression: off)
You are now connected to database "mario_database" as user "freecodecamp".
mario_database=> DROP DATABASE second_database;
DROP DATABASE
mario_database=> \l
mario_database=>                                    List of databases
+----------------+--------------+----------+---------+---------+-----------------------+
|      Name      |    Owner     | Encoding | Collate |  Ctype  |   Access privileges   |
+----------------+--------------+----------+---------+---------+-----------------------+
| mario_database | freecodecamp | UTF8     | C.UTF-8 | C.UTF-8 |                       |
| postgres       | postgres     | UTF8     | C.UTF-8 | C.UTF-8 |                       |
| template0      | postgres     | UTF8     | C.UTF-8 | C.UTF-8 | =c/postgres          +|
|                |              |          |         |         | postgres=CTc/postgres |
| template1      | postgres     | UTF8     | C.UTF-8 | C.UTF-8 | =c/postgres          +|
|                |              |          |         |         | postgres=CTc/postgres |
+----------------+--------------+----------+---------+---------+-----------------------+
(4 rows)


